ID,Job URL,Job Title,Category,Company,Location,Salary Any,Salary B2B,Salary Internship,Salary Mandate,Salary Permanent,Work Type,Experience,Employment Type,Operating Mode,Tech Stack
1,https://justjoin.it/job-offer/link-group-data-engineer---spark-scala-java-warszawa-data,"Data Engineer - Spark, Scala/Java",Data,Link Group,Warszawa,N/A,22 000 - 30 000 PLN/month,N/A,N/A,N/A,Full-time,Mid,B2B,Remote,Scala: Regular; Java: Regular; Spark: Regular; CI/CD: Regular; GitHub Actions: Regular; Terraform: Nice To Have; Airflow: Nice To Have
2,https://justjoin.it/job-offer/airhelp-analytics-engineer-warszawa-data,Analytics Engineer,Data,AirHelp,Warszawa,N/A,17 000 - 20 000 PLN/month,N/A,N/A,15 000 - 18 000 PLN/month,Full-time,Mid,"Permanent, B2B",Hybrid,DBT: Advanced; Cloud Data Warehousing: Advanced; SQL: Advanced; Data Vizualization: Regular
3,https://justjoin.it/job-offer/devapo-data-engineer-warszawa-data-3c1c96c8,Data Engineer,Data,Devapo,Warszawa,N/A,11 000 - 16 000 PLN/month,N/A,N/A,N/A,Full-time,Mid,B2B,Hybrid,Data: Master
4,https://justjoin.it/job-offer/scalo-delphi-developer-lodz-data,Delphi Developer,Data,SCALO,≈Å√≥d≈∫,N/A,15 120 - 16 800 PLN/month,N/A,N/A,N/A,Full-time,Mid,B2B,Hybrid,Delphi: Regular; PL/SQL: Regular; MS SQL: Regular
5,https://justjoin.it/job-offer/connectpoint-data-engineer-warszawa-data,Data Engineer (GCP),Data,ConnectPoint,Warszawa,N/A,15 000 - 20 000 PLN/month,N/A,N/A,N/A,Full-time,Mid,B2B,Remote,English: N/A; German: N/A; Data Fusion: Regular; ETL: Regular; ELT: Regular; Dataprep: Regular; GCP: Regular; Dataflow: Regular; GCS: Regular; BigQuery: Regular; Relacyjne Bazy Danych: Regular; SQL: Regular
6,https://justjoin.it/job-offer/experis-manpower-group-azure-data-architect-wroclaw-data,Azure Data Architect,Data,Experis Manpower Group,Wroc≈Çaw,N/A,33 600 - 36 960 PLN/month,N/A,N/A,N/A,Full-time,Mid,B2B,Remote,English: N/A; Azure Databricks: Advanced; Data architecture: Advanced; Azure Data Factory: Advanced; Azure Services: Advanced; Data Lake: Regular; GenAI: Nice To Have; Data security: Nice To Have
7,https://justjoin.it/job-offer/cornerstone-ondemand-database-administrator-krakow-data,Database Administrator,Data,Cornerstone OnDemand,Krak√≥w,N/A,N/A,N/A,N/A,11 000 - 18 000 PLN/month,Full-time,Mid,Permanent,Hybrid,MongoDB: Regular; SQL: Regular; Oracle: Regular
8,https://justjoin.it/job-offer/radpoint-system-engineer-katowice-data,System Engineer,Data,Radpoint,Katowice,N/A,6 800 - 9 000 PLN/month,N/A,N/A,N/A,Full-time,Mid,B2B,Hybrid,Excel: Regular
9,https://justjoin.it/job-offer/nexio-management-senior-data-engineer-gcp--warszawa-data,Senior Data Engineer (GCP),Data,Nexio Management,Warszawa,N/A,20 000 - 23 500 PLN/month,N/A,N/A,N/A,Full-time,Mid,B2B,Hybrid,Polish: N/A; SQL: Master; GCP: Advanced; BigQuery: Advanced; BI: Advanced; Qlik Sense: Regular; Looker: Regular; Tableau: Regular
10,https://justjoin.it/job-offer/dcg-data-scientist-warszawa-data,Data Scientist,Data,DCG,Warszawa,N/A,19 000 - 21 000 PLN/month,N/A,N/A,N/A,Full-time,Mid,B2B,Remote,Time series modeling: Regular; English: Regular; Python: Regular
11,https://justjoin.it/job-offer/in4ge-sp-z-o-o--power-bi-developer-warszawa-data,Power BI Developer,Data,in4ge sp. z o.o.,Warszawa,N/A,14 000 - 24 000 PLN/month,N/A,N/A,N/A,Full-time,Mid,B2B,Remote,Power BI: Regular; SQL: Regular; ETL tools: Regular; DAX: Nice To Have; Power Query: Nice To Have
12,https://justjoin.it/job-offer/link-group-data-analyst-warszawa-data,Data Analyst,Data,Link Group,Warszawa,N/A,16 000 - 21 000 PLN/month,N/A,N/A,16 000 - 21 000 PLN/month,Full-time,Mid,"B2B, Permanent",Remote,Analytical Thinking: Advanced; Tableau: Regular; SQL: Regular; Python: Regular
13,https://justjoin.it/job-offer/emagine-polska-programista-hurtowni-danych-warszawa-data,Programista Hurtowni Danych,Data,emagine Polska,Warszawa,N/A,150 PLN/h,N/A,N/A,N/A,Full-time,Mid,B2B,Hybrid,MS SQL: Advanced; SQL: Advanced; T-SQL: Advanced; SSIS: Regular; ETL: Regular; MDM: Regular; Enterprise Architect: Nice To Have; Powershell: Nice To Have; C#: Nice To Have; .Net: Nice To Have
14,https://justjoin.it/job-offer/radbrackets-data-engineer-warszawa-data,Data Engineer,Data,RadBrackets,Warszawa,N/A,13 440 - 16 800 PLN/month,N/A,N/A,N/A,Full-time,Mid,B2B,Remote,English: N/A; SQL: Master; DATA MODELLING: Advanced; Azure: Advanced; Databricks: Advanced; Python: Advanced; Event Streaming: Advanced; Apache Spark: Advanced; Apache Kafka: Regular
15,https://justjoin.it/job-offer/scalo-data-engineer-wroclaw-data-2fbc91ed,Data Engineer,Data,Scalo,Wroc≈Çaw,N/A,140 - 150 PLN/h,N/A,N/A,N/A,Full-time,Mid,B2B,Remote,English: N/A; Python: Regular; SQL: Regular; ETL: Regular; AWS: Regular
16,https://justjoin.it/job-offer/link-group-data-scientist-warszawa-data-649ebc41,Data Scientist,Data,Link Group,Warszawa,N/A,100 - 140 PLN/h,N/A,N/A,N/A,Full-time,Mid,B2B,Remote,Python: Regular; SQL: Regular; Azure: Regular; Google Cloud Platform: Regular; NumPy: Regular; PyTorch: Regular; huggingface: Regular; Nangchain: Regular; Langgraph: Regular; API GenAI: Regular
17,https://justjoin.it/job-offer/7n-konfigurator-platformy-ferryt-warszawa-data,Konfigurator Platformy Ferryt,Data,7N,Warszawa,N/A,20 160 - 23 520 PLN/month,N/A,N/A,N/A,Full-time,Mid,B2B,Remote,Polish: N/A; Ferryt RDE: Regular; Ferryt: Regular; Git: Junior; SQL: Junior; C#: Nice To Have; API Testing: Nice To Have; Java: Nice To Have
18,https://justjoin.it/job-offer/the-dots-connected-junior-data-engineer-warszawa-data,Junior Data Engineer,Data,The Dots Connected,Warszawa,N/A,N/A,N/A,5 500 - 8 000 PLN/month,N/A,Full-time,Junior,Mandate,Remote,Polish: N/A; English: N/A; SQL: Regular; Python: Junior; Data: Junior; Tableau: Nice To Have; Power BI: Nice To Have
19,https://justjoin.it/job-offer/the-dots-connected-bi-developer-warszawa-data,BI Developer,Data,The Dots Connected,Warszawa,N/A,10 000 - 15 000 PLN/month,N/A,N/A,N/A,Full-time,Mid,B2B,Remote,Polish: N/A; English: N/A; Tableau: Regular; Power BI: Regular; SQL: Junior
20,https://justjoin.it/job-offer/the-dots-connected-database-developer-warszawa-data,Database Developer,Data,The Dots Connected,Warszawa,N/A,12 000 - 17 500 PLN/month,N/A,N/A,N/A,Full-time,Mid,B2B,Remote,Polish: N/A; English: N/A; SQL: Advanced; ETL: Regular; Databases: Regular; T-SQL: Nice To Have; Tableau: Nice To Have; Power BI: Nice To Have
21,https://justjoin.it/job-offer/kubo-data-platform-sre-gdansk-data,Data Platform SRE,Data,KUBO,Gda≈Ñsk,N/A,23 000 - 26 000 PLN/month,N/A,N/A,N/A,Full-time,Mid,B2B,Remote,English: N/A; Python: Regular; PySpark: Regular; ETL: Regular; Databases: Regular; Cloud: Regular
22,https://justjoin.it/job-offer/experis-manpower-group-data-scientist-warszawa-data-a3918aed,Data Scientist,Data,Experis Manpower Group,Warszawa,N/A,23 520 - 26 880 PLN/month,N/A,N/A,N/A,Full-time,Mid,B2B,Remote,English: N/A; Machine Learning: Regular; R: Regular; Tableau: Regular; Power BI: Regular; NumPy: Regular; Pandas: Regular; SQL: Regular; Cloud Platforms: Regular; matplotlib: Regular; Python: Regular
23,https://justjoin.it/job-offer/tuatara-migration-specialist-warszawa-data,Migration Specialist,Data,TUATARA,Warszawa,N/A,16 000 - 22 000 PLN/month,N/A,N/A,N/A,Full-time,Mid,B2B,Remote,ETL: Regular; REST: Regular; Jira: Regular; PL/SQL: Regular; SQL: Regular; SOAP: Regular; SAS Viya: Nice To Have; IBM FileNet: Nice To Have; IBM BAW: Nice To Have; GoldenGate: Nice To Have
24,https://justjoin.it/job-offer/dcg-data-engineer-warszawa-data-99e1a8b3,Data Engineer,Data,DCG,Warszawa,N/A,20 000 - 23 500 PLN/month,N/A,N/A,N/A,Full-time,Mid,B2B,Remote,Bash: Regular; Azure: Regular; Python: Regular
25,https://justjoin.it/job-offer/experis-manpower-group-big-data-engineer-lodz-data,Big Data Engineer,Data,Experis Manpower Group,≈Å√≥d≈∫,N/A,170 - 180 PLN/h,N/A,N/A,N/A,Full-time,Mid,B2B,Remote,English: N/A; Apache Hadoop: Regular; Apache Spark: Regular; Apache Kafka: Regular; Hive: Regular; Flink: Regular; Cloud: Regular; Java/Scala/Python: Regular; NoSQL: Regular; ETL: Regular
26,https://justjoin.it/job-offer/link-group-data-architect-aws-warszawa-data,Data Architect AWS,Data,Link Group,Warszawa,N/A,170 - 190 PLN/h,N/A,N/A,N/A,Full-time,Mid,B2B,Remote,Data Engineering: Regular; AWS: Regular; Airflow: Regular; Snowflake: Regular; DBT: Regular; Apache Spark: Regular; SQL: Regular; DevOps: Nice To Have; CI/CD: Nice To Have
27,https://justjoin.it/job-offer/addepto-junior-data-engineer-spark--warszawa-data,Junior Data Engineer (Spark),Data,Addepto,Warszawa,N/A,10 080 - 15 120 PLN/month,N/A,N/A,N/A,Full-time,Junior,B2B,Remote,English: N/A; Spark: Advanced; SQL: Advanced; Python: Advanced; Data Integration: Advanced; AWS: Regular; Iceberg: Nice To Have; Hadoop: Nice To Have; Hive: Nice To Have
28,https://justjoin.it/job-offer/1dea-mid-senior-informatica-powercenter-developer-banking--warszawa-data,Mid / Senior Informatica PowerCenter Developer (Banking),Data,1dea,Warszawa,N/A,145 - 160 PLN/h,N/A,N/A,N/A,Full-time,Mid,B2B,Remote,Polish: N/A; English: N/A; ETL: Regular; ETL tools: Regular; Informatica: Regular; PL/SQL: Regular; Agile: Regular; SQL: Regular; Oracle: Regular; BI: Nice To Have; Big Data: Nice To Have
29,https://justjoin.it/job-offer/allegro-data-engineer---allegro-pay-warszawa-data,Data Engineer - Allegro Pay,Data,Allegro,Warszawa,N/A,N/A,N/A,N/A,14 200 - 19 690 PLN/month,Full-time,Mid,Permanent,Hybrid,Polish: N/A; English: N/A; MS SQL Server: Regular; Spark: Regular; BigQuery: Regular; Snowflake: Regular; SQL: Regular; Oracle: Regular; Python: Regular; Big Data: Regular; DevOps: Nice To Have; CI/CD: Nice To Have
30,https://justjoin.it/job-offer/link-group-power-apps-developer-warszawa-data,Power Apps Developer,Data,Link Group,Warszawa,N/A,100 - 110 PLN/h,N/A,N/A,N/A,Full-time,Mid,B2B,Remote,Power Apps: Advanced; SQL: Advanced; Azure: Advanced; Microsoft Dataverse: Advanced; SharePoint: Advanced; Microsoft 365: Advanced; Power Automate: Advanced; Power BI: Nice To Have; Agile: Nice To Have; Scrum: Nice To Have
31,https://justjoin.it/job-offer/lite-e-commerce-data-product-analyst-warszawa-data,Data Product Analyst,Data,Lite e-Commerce,Warszawa,N/A,15 000 - 18 000 PLN/month,N/A,N/A,N/A,Full-time,Mid,B2B,Remote,MS Excel: Master; Looker: Regular; SQL: Regular
32,https://justjoin.it/job-offer/vaillant-group-business-services-data-engineer-katowice-data,Data Engineer,Data,Vaillant Group Business Services,Katowice,N/A,N/A,N/A,N/A,15 000 - 19 000 PLN/month,Full-time,Mid,Permanent,Hybrid,English: N/A; PySpark: Regular; Databricks: Regular; Python: Regular; SQL: Regular; Data: Regular; Machine Learning: Regular; Scala: Regular
33,https://justjoin.it/job-offer/vaillant-group-business-services-salesforce-consultant-katowice-data,Salesforce Consultant,Data,Vaillant Group Business Services,Katowice,N/A,N/A,N/A,N/A,17 000 - 20 000 PLN/month,Full-time,Mid,Permanent,Hybrid,English: N/A; Salesforce: Advanced; SAP: Nice To Have; ERP: Nice To Have
34,https://justjoin.it/job-offer/reply-polska-sp-z-o-o--data-engineer-b2b--katowice-data,Data Engineer (B2B),Data,Reply Polska Sp. z o. o.,Katowice,N/A,19 200 - 32 000 PLN/month,N/A,N/A,N/A,Full-time,Mid,B2B,Hybrid,Cloud: Regular; Kotlin: Regular; Databases: Regular; Java: Regular; Scala: Regular; Big Data: Regular
35,https://justjoin.it/job-offer/reply-polska-sp-z-o-o--data-engineer-katowice-data-f4bd2903,Data Engineer,Data,Reply Polska Sp. z o. o.,Katowice,N/A,N/A,N/A,N/A,9 000 - 16 000 PLN/month,Full-time,Mid,Permanent,Hybrid,Cloud: Regular; Kotlin: Regular; Databases: Regular; Java: Regular; Scala: Regular; Big Data: Regular
36,https://justjoin.it/job-offer/klient-just-join-it-data-engineer-katowice-data,Data Engineer,Data,Klient Just Join IT,Katowice,N/A,16 000 - 30 000 PLN/month,N/A,N/A,N/A,Full-time,Mid,B2B,Hybrid,Data: Advanced; SQL: Advanced; Airflow: Regular; Snowflake: Regular; Python: Regular
37,https://justjoin.it/job-offer/addepto-data-engineer-aws--warszawa-data-ee775b14,Data Engineer (AWS),Data,Addepto,Warszawa,N/A,15 120 - 21 000 PLN/month,N/A,N/A,N/A,Full-time,Mid,B2B,Remote,English: N/A; AWS: Advanced; Airflow: Advanced; Spark: Advanced; SQL: Advanced; Python: Advanced; Big Data: Advanced; Hadoop: Regular; Databricks: Nice To Have
38,https://justjoin.it/job-offer/addepto-data-engineer-spark--warszawa-data-dad07bb0,Data Engineer (Spark),Data,Addepto,Warszawa,N/A,15 120 - 21 000 PLN/month,N/A,N/A,N/A,Full-time,Mid,B2B,Remote,English: N/A; AWS: Advanced; Spark: Advanced; SQL: Advanced; Python: Advanced; Data Integration: Advanced; Hadoop: Regular; Iceberg: Nice To Have; Hive: Nice To Have
39,https://justjoin.it/job-offer/ggs-it-consulting-sql-intern-krakow-data,SQL Intern,Data,GGS IT Consulting,Krak√≥w,N/A,N/A,30 - 35 PLN/h,N/A,N/A,Full-time,Junior,Internship,Office,MS SQL: Junior; Programming: Junior
40,https://justjoin.it/job-offer/emagine-polska-data-engineer---common-data-layer-data-hubs-genai-warszawa-data,Data Engineer ‚Äì Common Data Layer / Data Hubs / GenAI,Data,emagine Polska,Warszawa,N/A,160 PLN/h,N/A,N/A,N/A,Full-time,Mid,B2B,Hybrid,English: N/A; Polish: N/A; Machine Learning: Regular; CI/CD: Regular; ETL: Regular; Azure SQL: Regular; AI: Regular; ELT: Regular; Azure Data Factory: Regular; Terraform: Regular; ADLS: Regular; SQL: Regular
41,https://justjoin.it/job-offer/emagine-polska-data-engineer-warszawa-data-cddabd04,Data Engineer,Data,emagine Polska,Warszawa,N/A,160 - 175 PLN/h,N/A,N/A,N/A,Full-time,Mid,B2B,Hybrid,Data: Advanced; Data Warehousing: Regular; CI/CD: Regular; Agile: Regular
42,https://justjoin.it/job-offer/vaillant-group-business-services-celonis-process-mining-specialist-maternity-cover--katowice-data,Celonis Process Mining Specialist (Maternity Cover),Data,Vaillant Group Business Services,Katowice,N/A,N/A,N/A,15 000 - 20 000 PLN/month,N/A,Full-time,Mid,Mandate,Hybrid,English: N/A; SQL: Advanced; Celonis: Advanced; process mining: Regular; data mining: Regular; Python: Regular; Matlab: Regular; R: Regular; Big Data: Regular
43,https://justjoin.it/job-offer/respect-energy-holding-s-a--data-governance-analyst-warszawa-data,Data Governance Analyst,Data,Respect Energy Holding S.A.,Warszawa,N/A,15 000 - 18 000 PLN/month,N/A,N/A,N/A,Full-time,Mid,B2B,Remote,English: N/A; SQL: Advanced; Business Intelligence: Regular; Business Analysis: Regular; Python: Regular
44,https://justjoin.it/job-offer/datumo-analytics-engineer-warszawa-data,Analytics Engineer,Data,Datumo,Warszawa,N/A,14 000 - 25 000 PLN/month,N/A,N/A,N/A,Full-time,Mid,B2B,Remote,SQL: Advanced; Big Data: Advanced; Cloud: Regular; BigQuery: Regular; Snowflake: Regular; Python: Regular; Looker: Junior; Tableau: Junior; Power BI: Junior; Spark: Junior
45,https://justjoin.it/job-offer/p-p-solutions-analityk-systemowy-warszawa-data,Analityk Systemowy,Data,P&P Solutions,Warszawa,N/A,15 120 - 18 480 PLN/month,N/A,N/A,N/A,Full-time,Mid,B2B,Hybrid,UML: Regular; Confluence: Regular; Jira: Regular; BPMN: Regular; SQL: Regular; Enterprise Architect: Regular
46,https://justjoin.it/job-offer/square-one-data-engineer-snowflake--warszawa-data,Data Engineer (Snowflake),Data,Square One,Warszawa,N/A,140 - 160 PLN/h,N/A,N/A,N/A,Full-time,Mid,B2B,Remote,Snowflake: Regular; DBT: Regular; Python: Regular; ETL tools: Regular; AWS: Regular
47,https://justjoin.it/job-offer/peakdata-data-analyst-wroclaw-data,Data Analyst,Data,PeakData,Wroc≈Çaw,N/A,6 403 - 12 806 PLN/month,N/A,N/A,N/A,Full-time,Mid,B2B,Hybrid,ETL: Advanced; Analytical Thinking: Advanced; Big Data: Advanced; AWS: Regular; MS Excel: Regular; SQL: Regular; Python: Regular; Data Warehousing: Junior; Business Intelligence: Junior
48,https://justjoin.it/job-offer/primaris-developer-tableau-warszawa-data,Developer Tableau,Data,Primaris,Warszawa,N/A,14 280 - 20 160 PLN/month,N/A,N/A,N/A,Full-time,Mid,B2B,Hybrid,Tableau: Advanced; SQL Server: Advanced; Confluence: Advanced; Jira: Advanced
49,https://justjoin.it/job-offer/cyclad-data-analyst-azure--szczecin-data,Data Analyst (Azure),Data,Cyclad,Szczecin,N/A,N/A,N/A,N/A,13 000 - 17 000 PLN/month,Full-time,Mid,Permanent,Hybrid,Power BI: Advanced; Python: Advanced; SQL: Advanced; Azure: Advanced; Microsoft Fabric: Regular
50,https://justjoin.it/job-offer/itds-data-engineer-cybersecurity-python-sql-etl--krakow-data,"Data Engineer (Cybersecurity, Python, SQL, ETL) üõ°Ô∏èüí∏",Data,ITDS,Krak√≥w,N/A,1 200 - 1 520 PLN/day,N/A,N/A,N/A,Full-time,Mid,B2B,Hybrid,English: N/A; Python: Regular; SQL: Regular; ETL: Regular; Azure DevOps: Junior; Git: Junior; Power BI: Nice To Have
51,https://justjoin.it/job-offer/emagine-polska-data-warehouse-tester-gdansk-data,Data Warehouse Tester,Data,emagine Polska,Gda≈Ñsk,N/A,18 480 PLN/month,N/A,N/A,N/A,Full-time,Mid,B2B,Hybrid,Snowflake: Regular; SQL: Regular; Data: Regular
52,https://justjoin.it/job-offer/tesco-technology-data-engineer-fulfillment-krakow,Data Engineer,Data,Tesco Technology,Krak√≥w,N/A,20 000 - 30 000 PLN/month,N/A,N/A,18 500 - 26 000 PLN/month,Full-time,Mid,"Permanent, B2B",Hybrid,Spark: Advanced; Scala: Advanced; Hive: Regular; HDFS: Regular; Kafka: Nice To Have
53,https://justjoin.it/job-offer/link-group-power-bi-developer-power-apps,Power BI Developer (Power Apps),Data,Link Group,Warszawa,N/A,25 200 - 26 880 PLN/month,N/A,N/A,N/A,Full-time,Mid,B2B,Remote,Power BI: Nice To Have; Power Apps: Nice To Have; English: Nice To Have; Business Intelligence: Nice To Have
54,https://justjoin.it/job-offer/addepto-data-engineer-databricks--warszawa-data-ee0396a1,Data Engineer (Databricks),Data,Addepto,Warszawa,N/A,15 120 - 21 000 PLN/month,N/A,N/A,N/A,Full-time,Mid,B2B,Remote,Azure: Advanced; Databricks: Advanced; SQL: Advanced; Python: Advanced; Big Data: Advanced; Airflow: Nice To Have; DBT: Nice To Have; Power BI: Nice To Have; Dagster: Nice To Have; Apache Spark: Nice To Have
55,https://justjoin.it/job-offer/emagine-polska-oracle-database-engineer-gdynia-data,Oracle Database Engineer,Data,emagine Polska,Gdynia,N/A,170 PLN/h,N/A,N/A,N/A,Full-time,Mid,B2B,Hybrid,SQL: Advanced; Oracle: Advanced; NoSQL: Advanced; Databases: Regular
56,https://justjoin.it/job-offer/cyclad-data-engineer-azure--szczecin-data,Data Engineer (Azure),Data,Cyclad,Szczecin,N/A,N/A,N/A,N/A,17 000 - 21 000 PLN/month,Full-time,Mid,Permanent,Hybrid,English: N/A; Azure: Regular; SQL: Regular; Python: Junior; C#: Junior
57,https://justjoin.it/job-offer/itds-data-and-financial-engineering-analyst-krakow-data-22dc9c99,Data and Financial Engineering Analyst,Data,ITDS,Krak√≥w,N/A,15 150 - 20 160 PLN/month,N/A,N/A,N/A,Full-time,Mid,B2B,Hybrid,English: N/A; Git: Advanced; Jira: Advanced; SQL: Regular; Python: Regular; VBA: Junior; Microservices: Nice To Have; Pandas: Nice To Have
58,https://justjoin.it/job-offer/billennium-data-analyst-warszawa-data-870d672f,Data Analyst,Data,Billennium,Warszawa,N/A,130 - 150 PLN/h,N/A,N/A,N/A,Full-time,Mid,B2B,Hybrid,Snowflake: Advanced; SQL: Advanced
59,https://justjoin.it/job-offer/n-ix-strong-middle-data-engineer-krakow-data,Strong Middle Data Engineer,Data,N-iX,Krak√≥w,N/A,11 348 - 16 266 PLN/month,N/A,N/A,9 457 - 13 240 PLN/month,Full-time,Mid,"B2B, Permanent",Remote,PySpark: Regular; Azure: Regular; SQL: Regular; big data technologies: Regular; Python: Regular
60,https://justjoin.it/job-offer/appliscale-backend-engineer-data-ai--krakow-data,Backend Engineer (Data & AI),Data,Appliscale,Krak√≥w,N/A,14 000 - 20 000 PLN/month,N/A,N/A,10 000 - 16 000 PLN/month,Full-time,Mid,"B2B, Permanent",Remote,AWS: Regular; Python: Regular; TypeScript: Regular; Machine Learning: Nice To Have; AI: Nice To Have
61,https://justjoin.it/job-offer/respect-energy-data-qa-engineer-warszawa-data,Data QA Engineer,Data,Respect Energy,Warszawa,N/A,18 000 - 22 000 PLN/month,N/A,N/A,N/A,Full-time,Mid,B2B,Remote,Polish: N/A; English: N/A; SQL: Master; QA: Master; ETL: Advanced; ELT: Advanced; Git: Advanced; CI/CD: Advanced
62,https://justjoin.it/job-offer/billennium-data-engineer-warszawa-data-c79f3999,Data Engineer,Data,Billennium,Warszawa,100 - 140 PLN/h,N/A,N/A,N/A,N/A,Full-time,Mid,Any,Remote,SQL: Regular; Snowflake: Regular; AWS: Regular; DBT: Regular
63,https://justjoin.it/job-offer/makeitright-junior-mid-etl-apex-developer-warszawa-data,Junior/Mid ETL / APEX Developer,Data,makeitright,Warszawa,N/A,16 000 - 18 480 PLN/month,N/A,N/A,N/A,Full-time,Junior,B2B,Hybrid,SQL: Regular; Oracle APEX: Regular
64,https://justjoin.it/job-offer/b2bnetwork-technical-data-architect-warszawa-data-65ed92e4,Technical Data Architect,Data,B2Bnetwork,Warszawa,N/A,21 000 - 23 500 PLN/month,N/A,N/A,N/A,Full-time,Mid,B2B,Remote,English: N/A; Snowflake: Advanced; Data Vault: Advanced; Data Mesh: Advanced
65,https://justjoin.it/job-offer/displate-senior-data-expert-warszawa-data,Senior Data Expert,Data,Displate,Warszawa,18 000 - 25 000 PLN/month,18 000 - 25 000 PLN/month,N/A,N/A,N/A,Full-time,Mid,"Any, B2B",Hybrid,English: N/A; Data analysis: Master; Google Marketing Platform suite: Advanced; E-commerce: Advanced; SQL: Advanced; Python: Advanced; Geo-Lift: Regular
66,https://justjoin.it/job-offer/simora-administrator-baz-danych-oracle-oracle-dba-katowice-data,Administrator Baz Danych Oracle / Oracle DBA,Data,Simora,Katowice,N/A,7 000 - 13 000 PLN/month,N/A,N/A,N/A,Full-time,Mid,B2B,Remote,Bash: Regular; Databases: Regular; PL/SQL: Regular; Oracle DB: Regular; SQL: Regular; Oracle: Regular; Linux OS: Regular; Virtualization: Nice To Have; Python: Nice To Have
67,https://justjoin.it/job-offer/redstone-oracles-qa-engineer-data-analyst-warszawa-data,Quant / Data Engineer,Data,RedStone Oracles,Warszawa,N/A,10 000 - 25 000 PLN/month,N/A,N/A,N/A,Full-time,Mid,B2B,Hybrid,Statistics: Regular; TypeScript: Regular; ETL: Regular; Node.js: Regular; Blockchain: Regular; Grafana: Regular; Amazon AWS: Regular; Data modeling: Regular; SQL: Regular; InfluxDB: Regular
68,https://justjoin.it/job-offer/itlt-etl-developer-ssis--warszawa-data,ETL Developer (SSIS),Data,ITLT,Warszawa,N/A,140 - 180 PLN/day,N/A,N/A,N/A,Full-time,Mid,B2B,Hybrid,English: N/A; Polish: N/A; SQL: Master; SSIS: Advanced; DevOps: Junior; SAS: Nice To Have
69,https://justjoin.it/job-offer/bayer-sp-z-o-o--data-analyst-warszawa-data,Data Analyst,Data,Bayer Sp. z o.o.,Warszawa,N/A,N/A,N/A,N/A,14 000 - 20 000 PLN/month,Full-time,Mid,Permanent,Hybrid,PostgreSQL: Master; MySQL: Master; Databricks: Advanced; Snowflake: Advanced
70,https://justjoin.it/job-offer/bayer-sp-z-o-o--product-specialist---tester-warszawa-data,Product Specialist - Tester,Data,Bayer Sp. z o.o.,Warszawa,N/A,N/A,N/A,N/A,14 000 - 20 000 PLN/month,Full-time,Mid,Permanent,Hybrid,Manual Testing: Master
71,https://justjoin.it/job-offer/ocado-technology-data-analyst-intern-krakow-data,Data Analyst Intern,Data,Ocado Technology,Krak√≥w,N/A,N/A,45 PLN/h,N/A,N/A,Practice/Internship,Junior,Internship,Hybrid,Polish: N/A; English: N/A; MS Excel: Junior; SQL: Junior
72,https://justjoin.it/job-offer/experis-manpower-group-data-analyst-wroclaw-data,Data Analyst,Data,Experis Manpower Group,Wroc≈Çaw,N/A,123 - 131 PLN/h,N/A,N/A,N/A,Full-time,Mid,B2B,Hybrid,English: N/A; SQL: Advanced; Python: Advanced; ETL: Regular; Azure: Regular
73,https://justjoin.it/job-offer/rits-professional-services-programista-hurtowni-danych-warszawa-data,Programista Hurtowni Danych,Data,RITS Professional Services,Warszawa,N/A,19 200 - 22 400 PLN/month,N/A,N/A,N/A,Full-time,Mid,B2B,Remote,Polish: N/A; T-SQL: Advanced; MS SQL: Advanced; SQL: Advanced; SSIS: Advanced; Powershell: Regular
74,https://justjoin.it/job-offer/loopme-mid-data-engineer-krakow-data-9cad4c77,Mid Data Engineer,Data,Loopme,Krak√≥w,N/A,17 000 - 19 000 PLN/month,N/A,N/A,N/A,Full-time,Mid,B2B,Hybrid,Postgres: Advanced; Data models: Advanced; segmentation techniques: Advanced; BigQuery: Advanced; SQL / NoSQL databases: Advanced; Elasticsearch: Advanced; data mining: Advanced; ClickHouse: Advanced
75,https://justjoin.it/job-offer/kambu-data-engineer-data-platform-developer-with-net-krakow-data-9467a6b0,Data Engineer / Data Platform Developer with .NET,Data,Kambu,Krak√≥w,N/A,13 000 - 18 000 PLN/month,N/A,N/A,N/A,Full-time,Mid,B2B,Remote,CI/CD pipelines: Regular; ELT: Regular; Azure Data Factory: Regular; .Net: Regular; Microsoft Azure Cloud: Regular; Azure Logic App: Regular
76,https://justjoin.it/job-offer/dcg-big-data-developer-warszawa-data,Big Data Developer,Data,DCG,Warszawa,N/A,150 - 170 PLN/h,N/A,N/A,N/A,Full-time,Mid,B2B,Hybrid,Docker: Advanced; Kubernetes: Advanced; Scala: Advanced; Apache Kafka: Regular; Hive: Regular
77,https://justjoin.it/job-offer/connectis-data-test-engineer-warszawa-data-b0145ff0,Data Test Engineer,Data,Connectis,Warszawa,N/A,90 - 140 PLN/h,N/A,N/A,N/A,Full-time,Mid,B2B,Remote,Polish: N/A; English: N/A; Jenkins: Regular; CI/CD: Regular; ETL: Regular; PySpark: Regular; Azure Data Factory: Regular; azure data brics: Regular; Agile: Regular; Azure DevOps: Regular; Python: Regular; Azure Storage Account: Regular
78,https://justjoin.it/job-offer/emagine-polska-cloud-migration-engineer-warszawa-data,Cloud Migration Engineer,Data,emagine Polska,Warszawa,N/A,190 PLN/h,N/A,N/A,N/A,Full-time,Mid,B2B,Remote,Polish: N/A; GCP: Advanced; Docker: Advanced; Kubernetes: Advanced; Helm: Advanced; Oracle: Regular; PostgreSQL: Regular; Python: Regular; C: Regular; Linux: Regular; Unix: Regular
79,https://justjoin.it/job-offer/ameripol-spolka-z-ograniczona-odpowiedzialnoscia-bi-reporting-specialist-gdansk-data,BI Reporting Specialist,Data,AMERIPOL SP√ì≈ÅKA Z OGRANICZONƒÑ ODPOWIEDZIALNO≈öCIƒÑ,Gda≈Ñsk,N/A,9 000 - 14 000 PLN/month,N/A,N/A,N/A,Full-time,Mid,B2B,Hybrid,English: N/A; Microsoft SQL Server: Advanced; T-SQL: Advanced; SSRS: Advanced; MS SQL Server Management Studio: Regular; MS Visual Studio: Regular; SSIS: Nice To Have; XML: Nice To Have; EDI and API integrations: Nice To Have
80,https://justjoin.it/job-offer/fabrity-s-a--microsoft-database-administrator-warszawa-data,Microsoft Database Administrator,Data,Fabrity S.A.,Warszawa,N/A,17 000 - 21 000 PLN/month,N/A,N/A,N/A,Full-time,Mid,B2B,Hybrid,English: N/A; Power BI: Master; Databases: Master; SQL: Advanced; ITIL: Regular; ETL: Regular; PostgreSQL: Regular
81,https://justjoin.it/job-offer/link-group-insurance-data-analyst-warszawa-data,Insurance Data Analyst,Data,Link Group,Warszawa,N/A,95 - 125 PLN/h,N/A,N/A,N/A,Full-time,Mid,B2B,Remote,Scrum: Regular; Kanban: Regular; Agile: Regular; SQL: Regular; AWS: Nice To Have; Angular: Nice To Have; Microsoft Azure Cloud: Nice To Have; React: Nice To Have; Java: Nice To Have; Spring: Nice To Have
82,https://justjoin.it/job-offer/link-group-qlik-view-developer-warszawa-data,Qlik View Developer,Data,Link Group,Warszawa,N/A,13 000 - 16 500 PLN/month,N/A,N/A,12 000 - 15 000 PLN/month,Full-time,Mid,"B2B, Permanent",Remote,Analytical Thinking: Advanced; PostgreSQL: Regular; BI: Regular; Qlik Sense: Regular
83,https://justjoin.it/job-offer/emagine-polska-data-analyst---market-risk-krakow-data,Data Analyst - Market Risk,Data,emagine Polska,Krak√≥w,N/A,140 PLN/h,N/A,N/A,N/A,Full-time,Mid,B2B,Remote,Data analysis: Regular; SQL: Regular; Python: Regular; P&L: Regular
84,https://justjoin.it/job-offer/dcg-data-scientist-talk-to-data--warszawa-data,Data Scientist (Talk to Data),Data,DCG,Warszawa,N/A,100 - 140 PLN/h,N/A,N/A,N/A,Full-time,Mid,B2B,Remote,Polish: N/A; English: N/A; Deep Learning: Master; Python: Master; GenAI: Advanced; Azure: Advanced; GCP: Advanced; Databricks: Regular
85,https://justjoin.it/job-offer/in4ge-sp-z-o-o--data-engineer-warszawa-data,Data Engineer,Data,in4ge sp. z o.o.,Warszawa,N/A,18 000 - 28 000 PLN/month,N/A,N/A,N/A,Full-time,Mid,B2B,Remote,ETL tools: Regular; Big Data: Regular; Bazy Danych: Regular; Cloud: Nice To Have; DevOps: Nice To Have; Programming: Nice To Have
86,https://justjoin.it/job-offer/aplikacje-krytyczne-administrator-baz-danych-warszawa-data-9d482a27,Administrator Baz Danych,Data,Aplikacje Krytyczne,Warszawa,N/A,N/A,N/A,N/A,14 000 - 17 000 PLN/month,Full-time,Mid,Permanent,Remote,Bazy Danych: Regular; PostgreSQL: Regular; Linux: Regular; MongoDB: Regular; Oracle: Regular; Kubernetes: Nice To Have; Kafka: Nice To Have
87,https://justjoin.it/job-offer/link-group-data-engineer-with-python-warszawa-data,Data Engineer with Python,Data,Link Group,Warszawa,N/A,120 - 145 PLN/h,N/A,N/A,N/A,Full-time,Mid,B2B,Hybrid,English: N/A; Python: Advanced; database development: Regular; Data Warehousing: Regular; Agile: Regular; Data Engineering: Regular; Data pipelining: Regular
88,https://justjoin.it/job-offer/1dea-mid-devops-data-engineer-azure-data-factory--warszawa-data,Mid DevOps Data Engineer (+ Azure Data Factory),Data,1dea,Warszawa,N/A,110 - 120 PLN/h,N/A,N/A,N/A,Full-time,Mid,B2B,Remote,Polish: N/A; English: N/A; Azure: Advanced; DevOps: Regular; ETL: Regular; Azure Data Factory: Regular; Python: Regular; ETL tools: Regular; Data Integration: Regular; Ansible: Regular
89,https://justjoin.it/job-offer/trans-eu-group-sa-business-intelligence-developer-wroclaw-data,Business Intelligence Developer,Data,Trans.eu Group SA,Wroc≈Çaw,N/A,14 760 - 18 720 PLN/month,N/A,N/A,12 300 - 15 600 PLN/month,Full-time,Mid,"B2B, Permanent",Hybrid,Polish: N/A; English: N/A; MS Excel: Advanced; Qlik Sense: Advanced; Power BI: Advanced; VBA: Regular; ETL: Regular; SQL: Regular
90,https://justjoin.it/job-offer/optiveum-data-engineer-warszawa-data,Data Engineer,Data,Optiveum,Warszawa,N/A,120 - 150 PLN/h,N/A,N/A,N/A,Full-time,Mid,B2B,Remote,English: N/A; MS SQL: Regular; Matillion: Regular; Python: Regular; Azure DevOps: Regular
91,https://justjoin.it/job-offer/connectis-pl-sql-developer-warszawa-data-66717c59,PL/SQL Developer,Data,Connectis,Warszawa,N/A,23 000 - 25 000 PLN/month,N/A,N/A,N/A,Full-time,Mid,B2B,Hybrid,Polish: N/A; Oracle: Advanced; PL/SQL: Advanced; SQL: Advanced
92,https://justjoin.it/job-offer/experis-manpower-group-data-engineer---microsoft-dynamics-fo-warszawa-data,Data Engineer - Microsoft Dynamics FO,Data,Experis Manpower Group,Warszawa,N/A,140 - 150 PLN/h,N/A,N/A,N/A,Full-time,Mid,B2B,Remote,English: N/A; ETL: Regular; Azure Data Factory: Regular; Synapse: Regular; Dynamics 365 FO: Regular; Databricks: Regular
93,https://justjoin.it/job-offer/allegro-data-engineer---delivery-experience-warszawa-data,Data Engineer - Delivery Experience,Data,Allegro,Warszawa,N/A,N/A,N/A,N/A,14 200 - 19 690 PLN/month,Full-time,Mid,Permanent,Hybrid,English: N/A; GCP: Regular; SQL: Regular; DWH: Regular; ETL: Regular; ELT: Regular; Python: Regular; PySpark: Regular; Airflow: Regular; CI/CD: Regular
94,https://justjoin.it/job-offer/avenga-data-analyst-wroclaw-data,Data Analyst,Data,Avenga,Wroc≈Çaw,N/A,19 000 - 22 000 PLN/month,N/A,N/A,N/A,Full-time,Mid,B2B,Hybrid,SQL: Regular; Python: Regular; Azure: Junior; ETL tools: Junior; Azure Data Analytics Stack: Nice To Have
95,https://justjoin.it/job-offer/emagine-polska-data-analyst-warszawa-data-abeae6e5,Data Analyst,Data,emagine Polska,Warszawa,N/A,50 - 60 PLN/h,N/A,N/A,N/A,Full-time,Mid,B2B,Remote,English: N/A; Data Cleansing: Regular; Data analysis: Regular; UAT Methodologies: Regular; Reporting to stakeholders: Regular; IT Integration: Junior
96,https://justjoin.it/job-offer/link-group-junior-data-steward-warszawa-data,Junior Data Steward,Data,Link Group,Warszawa,N/A,75 - 80 PLN/h,N/A,N/A,N/A,Full-time,Junior,B2B,Remote,Analytical Thinking: Advanced; Data: Regular; data catalog: Junior; data governance: Nice To Have
97,https://justjoin.it/job-offer/miele-global-services-supply-chain-data-analyst-poznan-data-6016a3c6,Supply Chain Data Analyst,Data,Miele Global Services,Pozna≈Ñ,N/A,N/A,N/A,N/A,10 000 - 14 000 PLN/month,Full-time,Mid,Permanent,Remote,English: N/A; Power BI: Master; SQL: Regular
98,https://justjoin.it/job-offer/4it-solutions-projektant-programista-ds-integracji-warszawa-data,Projektant/ Programista ds. integracji,Data,4IT Solutions,Warszawa,N/A,110 - 150 PLN/h,N/A,N/A,N/A,Full-time,Mid,B2B,Hybrid,Polish: N/A; XML: Advanced; REST: Advanced; WSDL: Advanced; SOA: Advanced; XSD: Advanced; PL/SQL: Nice To Have; Java: Nice To Have; Python: Nice To Have
99,https://justjoin.it/job-offer/emagine-polska-quantitative-analyst---climate-risk-krakow-data,Quantitative Analyst ‚Äì Climate Risk,Data,emagine Polska,Krak√≥w,N/A,200 PLN/h,N/A,N/A,N/A,Full-time,Mid,B2B,Remote,FRM: Advanced; GARP SCR: Advanced; Python: Advanced; Net-Zero: Regular; Basel: Regular; FRTB: Regular; R: Nice To Have; SQL: Nice To Have; Matlab: Nice To Have
100,https://justjoin.it/job-offer/link-group-regular-data-engineer-warszawa-data,Regular Data Engineer,Data,Link Group,Warszawa,N/A,N/A,N/A,N/A,12 000 - 16 000 PLN/month,Full-time,Mid,Permanent,Remote,Palantir Foundry: Regular; Python: Regular; PySpark: Regular; Azure: Regular; SQL: Regular; TypeScript: Regular
101,https://justjoin.it/job-offer/smarketer-group-python-developer-data-backend-szczecin-data,Python Developer Data & Backend,Data,Smarketer Group,Szczecin,N/A,21 000 - 26 000 PLN/month,N/A,N/A,21 000 - 26 000 PLN/month,Full-time,Mid,"B2B, Permanent",Hybrid,Python: Master; AWS: Advanced; CI/CD: Advanced; RabbitMQ: Advanced; Django: Advanced; Azure: Advanced; API: Advanced; MySQL: Advanced; Kafka: Advanced
102,https://justjoin.it/job-offer/hubquest-bi-developer-with-sql--warszawa-data,BI Developer (with SQL),Data,hubQuest,Warszawa,N/A,18 500 - 25 000 PLN/month,N/A,N/A,N/A,Full-time,Mid,B2B,Remote,English: N/A; SQL: Advanced; MySQL: Advanced; Business Intelligence: Advanced; ETL: Regular; Grafana: Nice To Have; InfluxDB: Nice To Have; Power BI: Nice To Have; AWS: Nice To Have
103,https://justjoin.it/job-offer/aiconic-data-engineer-warszawa-data,Data Engineer,Data,AICONIC,Warszawa,N/A,20 000 - 30 000 PLN/month,N/A,N/A,N/A,Full-time,Mid,B2B,Hybrid,Data: Advanced; SQL: Advanced; Google Cloud Platform: Regular; Azure: Regular; Python: Regular
104,https://justjoin.it/job-offer/aiconic-data-scientist-warszawa-data,Data Scientist,Data,AICONIC,Warszawa,N/A,15 000 - 30 000 PLN/month,N/A,N/A,N/A,Full-time,Mid,B2B,Hybrid,Data Science: Advanced; Machine Learning: Regular; Python: Regular
105,https://justjoin.it/job-offer/comscore-via-cc-data-observability-governance-technical-product-owner-wroclaw-data,Data Observability/Governance Technical Product Owner,Data,ComScore via CC,Wroc≈Çaw,N/A,20 000 - 25 000 PLN/month,N/A,N/A,N/A,Full-time,Mid,B2B,Remote,Linux: Advanced; Data: Advanced
106,https://justjoin.it/job-offer/datafeedwatch-data-analyst-krakow-data,Data Analyst,Data,DataFeedWatch,Krak√≥w,N/A,10 000 - 13 000 PLN/month,N/A,N/A,10 000 - 13 000 PLN/month,Full-time,Mid,"B2B, Permanent",Remote,Python: Regular; Pandas: Regular; Data: Regular; Git: Regular; SQL: Regular; Tableau: Regular; Power BI: Regular
107,https://justjoin.it/job-offer/itds-citizen-developer-data-and-workflow-tribe--warszawa-data,Low Code Developer (Data and Workflow Tribe),Data,ITDS,Warszawa,N/A,17 000 - 23 000 PLN/month,N/A,N/A,N/A,Full-time,Mid,B2B,Remote,Mendix: Regular; OutSystems: Regular; Power Automate: Regular
108,https://justjoin.it/job-offer/caspian-one-business-analyst-warszawa-data,Business Analyst,Data,Caspian One,Warszawa,N/A,1 400 - 2 000 PLN/day,N/A,N/A,N/A,Full-time,Mid,B2B,Remote,Microsoft Office Excel: Advanced; Microsoft Office PowerPoint: Advanced; Visio: Advanced; Power BI: Advanced; Tableau: Advanced; Jira: Regular; Confluence: Regular; Bizagi: Regular; Enterprise Architect: Regular; ERP: Regular
109,https://justjoin.it/job-offer/n-ix-strong-middle-data-engineer-azure-databricks--warszawa-data,Strong Middle Data Engineer (Azure Databricks),Data,N-iX,Warszawa,N/A,14 526 - 21 013 PLN/month,N/A,N/A,11 348 - 17 023 PLN/month,Full-time,Mid,"Permanent, B2B",Remote,PySpark: Regular; Azure: Regular; Python: Regular; Big Data: Regular
110,https://justjoin.it/job-offer/itlt-power-bi-developer-warszawa-data,Power BI Developer,Data,ITLT,Warszawa,N/A,18 300 - 23 400 PLN/month,N/A,N/A,N/A,Full-time,Mid,B2B,Remote,Polish: N/A; English: N/A; Power BI: Advanced; SQL: Regular; DAX: Regular
111,https://justjoin.it/job-offer/emagine-polska-postgresql-dba-warszawa-data,PostgreSQL DBA,Data,emagine Polska,Warszawa,N/A,150 - 170 PLN/h,N/A,N/A,N/A,Full-time,Mid,B2B,Hybrid,PostgreSQL: Regular; SQL: Regular
112,https://justjoin.it/job-offer/rex-concepts-bk-poland-sa-digital-specialist-wroclaw-data,Digital Specialist,Data,Rex Concepts BK Poland SA,Wroc≈Çaw,3 000 - 6 000 PLN/month,N/A,N/A,N/A,N/A,Full-time,Junior,Any,Hybrid,Communication Skills: Advanced; BPMN: Regular; Mobile Apps: Junior; Confluence: Junior; Atlassian: Junior; API: Nice To Have
113,https://justjoin.it/job-offer/respect-energy-analityk-hurtowni-danych-warszawa-data,Analityk Hurtowni Danych,Data,Respect Energy,Warszawa,N/A,16 000 - 20 000 PLN/month,N/A,N/A,N/A,Full-time,Mid,B2B,Remote,Polish: N/A; English: N/A; ETL tools: Advanced; Databases: Advanced; SQL: Advanced; Data Warehousing: Regular; Data modeling: Regular
114,https://justjoin.it/job-offer/n-ix-middle-data-engineer-databricks--krakow-data,Middle Data Engineer (Databricks),Data,N-iX,Krak√≥w,N/A,17 023 - 21 411 PLN/month,N/A,N/A,13 618 - 17 212 PLN/month,Full-time,Mid,"B2B, Permanent",Remote,Azure: Regular; Databricks: Regular; Python: Regular; Apache Spark: Regular
115,https://justjoin.it/job-offer/link-group-data-engineer-with-databricks-warszawa-data,Data Engineer with Databricks,Data,Link Group,Warszawa,N/A,15 131 - 28 371 PLN/month,N/A,N/A,N/A,Full-time,Mid,B2B,Remote,Cloud: Advanced; Data: Advanced; Python: Advanced; Databricks: Regular
116,https://justjoin.it/job-offer/primaris-sql-developer-warszawa-data,SQL Developer,Data,Primaris,Warszawa,N/A,100 - 130 PLN/h,N/A,N/A,N/A,Full-time,Mid,B2B,Hybrid,Polish: N/A; SQL: Regular; Visual Studio: Regular; Git: Regular; Tableau: Junior
117,https://justjoin.it/job-offer/scalo-big-data-developer-python-java--wroclaw-data,Big Data Developer (Python/Java),Data,SCALO,Wroc≈Çaw,N/A,20 160 - 21 838 PLN/month,N/A,N/A,N/A,Full-time,Mid,B2B,Remote,Python: Regular; Big Data: Regular; Apache Spark: Regular; Apache Hadoop: Regular; Airflow: Regular; Elasticsearch: Regular; MongoDB: Regular; Machine Learning: Nice To Have
118,https://justjoin.it/job-offer/7n-data-engineer-databricks-azure--warszawa-data,"Data Engineer (Databricks, Azure)",Data,7N,Warszawa,N/A,24 360 - 27 720 PLN/month,N/A,N/A,N/A,Full-time,Mid,B2B,Hybrid,Polish: N/A; SQL: Advanced; Python: Advanced; Liquibase: Regular; Azure: Regular; ELK Stack: Regular; Databricks: Regular
119,https://justjoin.it/job-offer/primaris-data-bricks-engineer-warszawa-data,Data Bricks Engineer,Data,Primaris,Warszawa,N/A,20 160 - 23 500 PLN/month,N/A,N/A,N/A,Full-time,Mid,B2B,Remote,Databricks: Regular; Azure: Regular; PL/SQL: Regular; Python: Regular; SQL: Regular; ETL: Regular
120,https://justjoin.it/job-offer/datumo-big-data-engineer-271dab9e-0719-42b1-b10d-cc6635f7b178,Data Engineer,Data,Datumo,Warszawa,N/A,14 000 - 25 000 PLN/month,N/A,N/A,N/A,Full-time,Mid,B2B,Remote,Cloud: Advanced; Python: Advanced; Big Data: Advanced; Snowflake: Regular; Databricks: Regular; Scala: Regular; Apache Spark: Regular; Airflow: Junior; Docker: Junior; Kafka: Junior
121,https://justjoin.it/job-offer/tooploox-data-engineer-wroclaw-data,Data Engineer,Data,Tooploox,Wroc≈Çaw,N/A,13 000 - 18 000 PLN/month,N/A,N/A,12 000 - 16 000 PLN/month,Full-time,Mid,"B2B, Permanent",Remote,Polish: N/A; English: N/A; Apache Flink: Regular; PySpark: Regular; Databases: Regular; Hadoop: Regular; Distributed Computing: Regular; NoSQL: Regular; LLM: Nice To Have; Java: Nice To Have; Scala: Nice To Have; Spring Boot: Nice To Have
122,https://justjoin.it/job-offer/lite-e-commerce-machine-learning-engineer-poznan-data-e64ab099,Machine Learning Engineer,Data,Lite e-Commerce,Pozna≈Ñ,N/A,15 000 - 23 000 PLN/month,N/A,N/A,N/A,Full-time,Mid,B2B,Hybrid,SQL: Advanced; Python: Advanced; Git: Regular; scikit-learn: Regular
123,https://justjoin.it/job-offer/connectis-administrator-hurtowni-danych-warszawa-data,Administrator Hurtowni Danych,Data,Connectis,Warszawa,N/A,15 900 - 20 000 PLN/month,N/A,N/A,N/A,Full-time,Mid,B2B,Hybrid,SQL: Regular; Linux / Unix: Regular; SAS: Regular; Shell: Regular
124,https://justjoin.it/job-offer/itds-hadoop-data-engineer---banking--krakow-data,Hadoop Data Engineer - banking üí∏,Data,ITDS,Krak√≥w,N/A,1 100 - 1 400 PLN/day,N/A,N/A,N/A,Full-time,Mid,B2B,Hybrid,English: N/A; Scala: Advanced; Apache Spark: Advanced; Airflow: Advanced; SQL: Advanced; Hadoop: Regular; Hive: Regular; Google Cloud Platform: Regular; Jenkins: Junior; Git: Junior; Tableau: Nice To Have
125,https://justjoin.it/job-offer/connectis-programista-power-bi-warszawa-data,Programista Power BI,Data,Connectis,Warszawa,N/A,80 - 110 PLN/h,N/A,N/A,N/A,Full-time,Mid,B2B,Remote,English: N/A; Power BI: Regular; SQL: Regular; DAX: Regular; Power Query: Regular
126,https://justjoin.it/job-offer/scalo-citizen-developer-low-code-no-code--wroclaw-data,Citizen Developer (Low-Code / No-Code),Data,SCALO,Wroc≈Çaw,N/A,18 480 - 20 160 PLN/month,N/A,N/A,N/A,Full-time,Mid,B2B,Remote,Power BI: Regular; Microsoft Azure Cloud: Regular
127,https://justjoin.it/job-offer/cloudfide-mid-data-engineer-warszawa-data,Mid Data Engineer,Data,CLOUDFIDE,Warszawa,N/A,13 440 - 23 520 PLN/month,N/A,N/A,N/A,Full-time,Mid,B2B,Remote,Data Lake: Regular; DWH: Regular; Microsoft Azure Cloud: Regular; Databricks: Regular; SQL: Regular; Python: Regular; Apache Airflow: Nice To Have; Apache Spark: Nice To Have
128,https://justjoin.it/job-offer/experis-manpower-group-data-engineer-warszawa-data-1197d97d,Data Engineer,Data,Experis Manpower Group,Warszawa,N/A,23 520 - 26 880 PLN/month,N/A,N/A,N/A,Full-time,Mid,B2B,Remote,English: Advanced; Snowflake: Regular; Amazon AWS: Regular; Python: Regular; SQL: Regular; ETL: Regular; Matilion: Junior
129,https://justjoin.it/job-offer/scalo-power-bi-developer-krakow-data,Power BI Developer,Data,SCALO,Krak√≥w,N/A,18 480 - 21 840 PLN/month,N/A,N/A,N/A,Full-time,Mid,B2B,Remote,Power BI: Regular; SQL: Regular
130,https://justjoin.it/job-offer/acaisoft-neo4j-developer-warszawa-data,Neo4J Platform Engineer,Data,Acaisoft,Warszawa,N/A,18 000 - 27 000 PLN/month,N/A,N/A,N/A,Full-time,Mid,B2B,Remote,English: N/A; Polish: N/A; Neo4j: Advanced; Kubernetes: Advanced; Cloud: Advanced
131,https://justjoin.it/job-offer/experis-manpower-group-power-bi-developer-warszawa-data,Power BI Developer,Data,Experis Manpower Group,Warszawa,N/A,23 520 - 24 360 PLN/month,N/A,N/A,N/A,Full-time,Mid,B2B,Remote,DAX Studio: Regular; Power BI Premium: Regular; Power BI: Regular; Power BI Desktop: Regular; Power BI embedded: Regular; English: Regular; Azure DevOps: Regular; Power BI Portal: Regular
132,https://justjoin.it/job-offer/experis-manpower-group-junior-data-analyst-lodz-data,Junior Data Analyst,Data,Experis Manpower Group,≈Å√≥d≈∫,N/A,90 - 110 PLN/h,N/A,N/A,N/A,Full-time,Junior,B2B,Remote,English: N/A; MS Excel: Regular; SQL: Regular; Tableau: Regular; Power BI: Regular; Python/R: Junior
133,https://justjoin.it/job-offer/scalo-big-data-engineer-warszawa-data,Big Data Engineer,Data,SCALO,Warszawa,N/A,21 840 - 29 400 PLN/month,N/A,N/A,N/A,Full-time,Mid,B2B,Remote,AWS: Regular; Docker: Regular; Terraform: Regular; Kubernetes: Regular; Python: Regular; Scala: Regular; Big Data: Regular; SonarQube: Regular
